target,n,mean_prediction,median_prediction,median_interval_width,mean_relative_width,max_upper,future_prediction_file
A,8478,14.463980366984831,12.547115795086324,22.006115795086316,1.7232869227726948,156.34154591683142,future_predictions_publication_aligned_2027_2035.csv
B,8478,0.817622140220685,0.5978663511324858,2.242167816460635,3.796525109847903,51.499191660942884,future_predictions_publication_aligned_2027_2035.csv
C,8478,43.082025283496996,42.217160852860744,97.99359999999993,2.367918152974281,190.75527778524312,future_predictions_publication_aligned_2027_2035.csv
D,8478,36.51656172140857,33.672484441354584,44.96600000000001,1.302172784732344,266.0936698810132,future_predictions_publication_aligned_2027_2035.csv
E,8478,34.4811681568354,33.08427061272573,38.47258105622885,1.1791250246318785,245.12853470466754,future_predictions_publication_aligned_2027_2035.csv
F,8478,198.15292240770853,176.48305871374822,171.31427378005617,2.404091706822763,2630.0785728789356,future_predictions_publication_aligned_2027_2035.csv
G,8478,79.94022438454081,74.49807616287978,69.842525,0.9154564652152867,278.5352792618792,future_predictions_publication_aligned_2027_2035.csv
H,8478,0.12158379178516814,0.0939505536268628,0.2882005536268627,3.356240608600588,2.963400702873089,future_predictions_publication_aligned_2027_2035.csv
