target,n,coverage,mean_interval_width,median_interval_width,residual_q05,residual_q95,residual_median,residual_mad
A,34,0.8823529411764706,23.732247058823514,23.767799999999987,-14.3088,9.45899999999999,-4.699999999999998,4.090000000000002
B,34,0.8823529411764706,2.1624555117952635,2.1094135939776004,-1.0500513563944922,1.6443014653281491,-0.19517200907807675,0.18789616459467273
C,34,0.8823529411764706,97.73221764705875,97.99359999999993,-22.515,75.47859999999993,-3.5749999999999975,8.872
D,34,0.8823529411764706,44.30911764705883,44.966,-28.162000000000006,16.803999999999995,-4.288749999999997,8.19
E,34,0.8823529411764706,38.47258105622885,38.47258105622885,-12.01722533332019,26.45535572290866,3.116194093510371,4.32574910682748
F,34,0.8823529411764706,171.31427378005617,171.31427378005617,-24.770345919833016,146.54392786022316,22.407224787436046,12.745075242974362
G,34,0.8823529411764706,69.842525,69.842525,-39.681650000000005,30.160874999999987,-4.240750000000002,7.628249999999994
H,34,0.8823529411764706,0.32141794117647043,0.32959999999999984,-0.1417199999999998,0.19424999999999995,-0.07602499999999984,0.02247500000000005
