target,protocol,method,model,status,n_train,n_test,train_year_min,train_year_max,test_year_min,test_year_max,r2,r2_log1p,rmse,mae,mape
A,temporal_2022_2026,spatial_baseline_residual_fixed,XGBoost_raw_alpha1.00,ok,938,34,2000,2021,2022,2026,0.3815342826145761,0.30833476632170553,15.103768037573353,6.902954104896069,49.66457120386747
B,temporal_2022_2026,spatial_baseline_residual_fixed,XGBoost_raw_alpha1.00,ok,938,34,2000,2021,2022,2026,-1.9323114098309708,-1.6924535489976105,3.521726653905891,1.8420285524373006,667.1158542957311
C,temporal_2022_2026,spatial_baseline_residual_fixed,HistGBR_raw_alpha0.50,ok,938,34,2000,2021,2022,2026,-0.08146804145210473,-0.5288111589675593,35.37838219575867,28.852054504418,86.50564578405789
D,temporal_2022_2026,spatial_baseline_residual_fixed,RF_raw_alpha1.00,ok,938,34,2000,2021,2022,2026,0.20128831912057144,0.1553315164249145,45.040909868235474,21.151898784792905,45.67110666715442
E,temporal_2022_2026,spatial_baseline_residual_fixed,ExtraTrees_raw_alpha1.00,ok,938,34,2000,2021,2022,2026,0.20305785026093237,-0.09610995737641748,21.723919063832536,12.433839942717924,40.770056882468644
F,temporal_2022_2026,spatial_baseline_residual_fixed,IDW_background_alpha0,ok,938,34,2000,2021,2022,2026,-0.4590606576691356,-2.4407192876008845,97.16819819221153,70.22853535768039,68.53780424950303
G,temporal_2022_2026,spatial_baseline_residual_fixed,HistGBR_raw_alpha0.50,ok,938,34,2000,2021,2022,2026,-5.458125570060732,-78.09838261043913,69.72985211271036,62.389791974880865,87.08527311417704
H,temporal_2022_2026,spatial_baseline_residual_fixed,XGBoost_raw_alpha1.00,ok,938,34,2000,2021,2022,2026,-0.08159976000257352,-0.1455542235549674,0.24523325504402005,0.14598938869973163,300.38476118483175
