target,method,model,n_folds,n_test_total,fold_mean_r2,fold_median_r2,r2,r2_log1p,rmse,mae,mape
A,leave_one_spatial_block_out,HistGBR,5,972,-0.005945147010677077,-0.027237672475623143,0.0856456523540221,0.15967521072120838,20.117117447407693,6.344219074305534,47.01404066836435
B,leave_one_spatial_block_out,ExtraTrees,5,972,-0.02810603443538533,-0.018436169264628433,0.01042021291528572,0.012828397761410204,4.776203517771085,1.20886138521969,244.919655240128
C,leave_one_spatial_block_out,RF,5,972,-0.08508940959644617,-0.03809909705096848,-0.035513350927982135,-0.04495078882557957,35.282767200679025,21.787347884571957,58.06720695873675
D,leave_one_spatial_block_out,RF,5,972,-0.053725609401916195,-0.050612159670478496,0.03296555643668797,0.04570082161296041,49.66103501129538,17.44848827187601,40.73617062200526
E,leave_one_spatial_block_out,ExtraTrees,5,972,-0.06561179702357452,-0.06639271136684188,-0.027932952954875967,-0.16792283251469042,29.235145138882988,7.906393259168976,23.565445317742547
F,leave_one_spatial_block_out,ExtraTrees,5,972,0.027446957508566894,-0.00046535780312328967,0.004618512301997946,0.20863816536532132,279.40553096208447,53.458386249784226,74.93103931637093
G,leave_one_spatial_block_out,ExtraTrees,5,972,-0.045888783872677454,-0.03407511362967708,-0.0013735911566976622,-0.045209852543210305,352.50661999031826,65.58205939354951,49.866824611736845
H,leave_one_spatial_block_out,ElasticNet,5,972,-0.6273457948981986,-0.26662923852475706,-0.0913162377074741,-0.2817484889888302,0.390636654322082,0.1301611176134313,95.25952868534863
