regime,feature_set,target,model,status,n_features,n_train,n_test,r2,r2_log1p,rmse,mae,mape
future_year_independent_validation,base,A,HistGBR_raw,ok,28,938,34,0.4187986756998944,-0.08449081306469286,14.64167589821706,8.113445077355088,73.20953042217685
future_year_independent_validation,external,B,LightGBM,ok,128,938,34,0.36623226503167416,0.1800680590606849,1.6372524987761534,0.7867080095399386,338.60984387140985
future_year_independent_validation,external,C,XGBoost,ok,128,938,34,0.013859049900205034,-0.13161805898681722,33.78318730400613,21.167601070628447,57.07191873576738
future_year_independent_validation,external,D,LightGBM,ok,128,938,34,0.29494588190746485,0.47865553110948456,42.3178275007195,15.563450195495069,27.235250534585205
future_year_independent_validation,external,E,HistGBR_raw,ok,128,938,34,0.6366777251281004,0.3377811214656701,14.667996240763237,8.751841565850977,26.945606754187086
future_year_independent_validation,external,F,LightGBM,ok,128,938,34,0.044467685598010176,-0.664521759517255,78.63396327441826,50.61238781343675,38.13758142958329
future_year_independent_validation,base,G,PLSR,ok,28,938,34,0.11308746627889066,-0.18891812063336078,25.840796608068377,20.383590330658194,41.11350703143138
future_year_independent_validation,base,H,CatBoost_raw,ok,28,938,34,0.03466122534563443,-0.0035484039947100143,0.23167861430390363,0.13812133681453959,275.64980931620903
