protocol,source,target,method,model,validation_years,validation_min_r2,validation_median_r2,validation_mean_rmse,selection_score,n_train,n_test,r2,r2_log1p,rmse,mae,mape
temporal_2022_2026,spatial_distribution_features,A,spatial_distribution_features,XGBoost,"2019,2020",0.1107743388539173,0.11340933554601312,10.028840262409155,10.028840262409155,938.0,34.0,0.1511185827267357,0.1814909561792718,17.695017846309376,7.357036325118122,49.66857916600746
temporal_2022_2026,predefined_recent_median_baseline,B,predefined_recent_center,Recent3YearMedian,"2019,2020",-0.1128059525888856,-0.10210938126664915,1.527337830446756,1.699630629335344,938.0,34.0,-0.0367624279520077,-0.0041017016296609,2.0940653186621305,0.7845,217.6796748951458
temporal_2022_2026,local_analog_memory,C,local_analog_memory_ml,CatBoost,"2019,2020",0.019509959263622423,0.022786901785413205,40.240694591567326,40.240694591567326,938.0,34.0,-0.0629508116231729,-0.2512056700041718,35.0741946821755,22.946199792148207,62.41754197202343
temporal_2022_2026,predefined_recent_median_baseline,D,predefined_recent_center,Recent3YearMedian,"2019,2020",-0.05769008068581982,-0.03637624622203206,42.25513655772406,44.6928387951295,938.0,34.0,-0.0475889124921125,-0.0146866550051942,51.5831172592009,18.60341176470589,27.59965152780357
temporal_2022_2026,spatiotemporal_innovation,E,temporal_weighted,CatBoost,"2019,2020",0.05331909545774949,0.10027249300326813,9.26773438724905,9.26773438724905,938.0,34.0,0.0997306046034616,0.1034997073346296,23.089313520284872,10.973073966332256,26.462697338031443
temporal_2022_2026,spatiotemporal_innovation,F,two_stage_high_pollution,LightGBM,"2019,2020",0.03826954812952921,0.22914423990445926,66.32129141147702,66.32129141147702,938.0,34.0,-0.0529986733955629,-0.6012151352150608,82.54701780150134,51.09549007967072,39.42827570640882
temporal_2022_2026,predefined_recent_median_baseline,G,predefined_recent_center,Recent3YearMedian,"2019,2020",-0.1694654356483558,-0.12171164817008084,102.47053679979234,119.83575095969003,938.0,34.0,-0.1039006962399746,-0.2297203231410192,28.82906154029503,20.03217647058824,39.40758564656026
temporal_2022_2026,causal_history_memory,H,causal_history_ml,ElasticNet,"2019,2020",0.24036206421799655,0.3200875693562791,0.19170327783708632,0.19170327783708632,938.0,34.0,-1.7166167834702972,-1.5398104659064664,0.3886514222259224,0.201528017124753,363.4130619581574
